Team,Season,TOI_all,GP,GF.60_all,GA.60_all,G_diff.60_all,xGF.60_all,xGA.60_all,xG_diff.60_all,SF.60_all,SA.60_all,S_diff.60_all,FF.60_all,FA.60_all,F_diff.60_all,CF.60_all,CA.60_all,C_diff.60_all,Sh%_all,Sv%_all
ANA,20072008,4907.32,82,2.41,2.25,0.16,2.18,2.34,-0.16,27.4,28.12,-0.72,38.42,38.05,0.37,48.11,46.85,1.26,8.79,92
ARI,20072008,4994.93,82,2.51,2.7,-0.19,2.4,2.63,-0.23,30.03,30.25,-0.22,40.72,42.22,-1.5,52.78,54.45,-1.67,8.36,91.06
ATL,20072008,5011.78,82,2.48,3.18,-0.71,2.1,2.63,-0.53,25.32,33.31,-7.99,33.53,44.14,-10.61,43.72,57.02,-13.3,9.79,90.44
BOS,20072008,4973.2,82,2.49,2.58,-0.1,2.09,2.42,-0.32,28.09,29.96,-1.87,38.74,40.19,-1.45,50.24,50.76,-0.52,8.85,91.38
BUF,20072008,4981.05,82,3.01,2.81,0.2,2.47,2.26,0.21,29.67,27.89,1.78,40.02,38.61,1.41,51.48,51,0.48,10.11,89.86
CAR,20072008,4964.43,82,3.02,2.97,0.05,2.69,2.57,0.12,32.26,28.62,3.64,44.25,40.13,4.12,59,52.89,6.12,9.37,89.61
CBJ,20072008,4925.52,81,2.27,2.52,-0.26,2.29,2.06,0.23,28.69,26.96,1.73,38.4,35.59,2.8,50.33,46.11,4.23,7.98,90.66
CGY,20072008,4913.27,81,2.72,2.69,0.04,2.56,2.25,0.3,27.84,28.2,-0.35,39.27,38.17,1.1,51,47.44,3.55,9.76,90.41
CHI,20072008,4920.95,81,2.85,2.8,0.05,2.29,2.44,-0.14,27.68,28.31,-0.63,35.6,36.25,-0.65,45.36,46.95,-1.6,10.31,90.09
COL,20072008,4988.2,82,2.69,2.6,0.1,2.45,2.31,0.14,28.25,26.91,1.35,36.98,37.66,-0.69,47.4,50.66,-3.26,9.54,90.34
DAL,20072008,5048.65,82,2.82,2.42,0.39,2.24,2.18,0.05,25.99,25.4,0.59,36.6,35.69,0.92,48.19,45.11,3.08,10.84,90.45
DET,20072008,5045.2,82,3,2.13,0.87,2.73,2.02,0.71,33.54,22.94,10.6,45.85,31.55,14.29,57.92,39.98,17.93,8.94,90.72
EDM,20072008,4935.35,82,2.67,3,-0.33,2.28,2.65,-0.38,26.21,31.28,-5.07,36.85,43.69,-6.84,48.68,57.59,-8.91,10.2,90.4
FLA,20072008,4987.97,82,2.54,2.65,-0.11,2.3,2.64,-0.34,30.65,33.1,-2.45,41.25,44.62,-3.37,53.08,56.4,-3.32,8.28,92.01
L.A,20072008,4876.92,82,2.78,3.24,-0.46,2.6,2.92,-0.33,28.9,32.29,-3.4,40.51,45.59,-5.08,52.78,58.46,-5.68,9.62,89.98
MIN,20072008,4938.5,81,2.66,2.55,0.11,2.01,2.15,-0.14,26.66,29.67,-3.01,37.82,40.38,-2.56,49.51,51.34,-1.83,9.88,91.42
MTL,20072008,4994.87,82,3.09,2.59,0.49,2.41,2.52,-0.11,28.63,31.1,-2.47,39.72,43.8,-4.07,53.48,59.93,-6.45,10.78,91.66
N.J,20072008,5002.25,82,2.37,2.31,0.06,2.37,2.16,0.21,28.33,27.07,1.26,39.21,36.45,2.76,51.19,46.4,4.8,8.38,91.45
NSH,20072008,5056.37,82,2.69,2.66,0.04,2.45,2.3,0.16,28.78,28.94,-0.17,39.28,38.34,0.94,50.51,48.7,1.82,9.36,90.82
NYI,20072008,4987.3,82,2.27,2.89,-0.61,2.43,2.78,-0.35,29.28,29.92,-0.64,39.35,41.53,-2.18,53.26,55.17,-1.91,7.73,90.44
NYR,20072008,5017.63,82,2.45,2.27,0.18,2.66,2.31,0.35,30.82,25.4,5.42,42.74,35.02,7.71,54.96,47.14,7.82,7.95,91.05
OTT,20072008,4978.62,82,3.11,2.92,0.19,2.62,2.56,0.06,29.78,29.6,0.18,41.05,40.17,0.88,54.97,52.35,2.62,10.51,90.19
PHI,20072008,4985.3,82,2.95,2.73,0.22,2.4,2.44,-0.04,28.38,31.39,-3.01,38.93,42.42,-3.49,51.35,56.53,-5.18,10.39,91.3
PIT,20072008,4985.53,82,2.89,2.55,0.34,2.51,2.34,0.18,27.31,30.36,-3.06,38.09,42.77,-4.68,48.91,56.35,-7.44,10.58,91.6
S.J,20072008,4966.3,82,2.61,2.26,0.35,2.68,2.04,0.64,29.33,23.93,5.4,40.55,33.44,7.1,52.12,45.41,6.71,8.9,90.56
STL,20072008,4979.07,82,2.43,2.8,-0.36,2.1,2.49,-0.39,25.79,27.1,-1.31,35.67,39.1,-3.43,45.31,51.64,-6.33,9.44,89.68
T.B,20072008,4963.28,82,2.67,3.22,-0.54,2.28,2.31,-0.02,28.46,27.95,0.51,39.02,38.67,0.35,51.14,51.63,-0.5,9.39,88.49
TOR,20072008,4990.87,82,2.74,3.08,-0.34,2.52,2.63,-0.1,30.56,28.89,1.67,42.76,40.79,1.97,56.13,53.58,2.55,8.97,89.35
VAN,20072008,5006.47,82,2.48,2.47,0.01,2.28,2.28,0,26.98,28.34,-1.37,37.62,39.7,-2.09,48.36,51.55,-3.19,9.2,91.29
WSH,20072008,4986.92,82,2.86,2.73,0.13,2.52,2.32,0.2,30.54,27.17,3.37,42.65,36.98,5.67,56.87,49.08,7.8,9.38,89.95
ANA,20082009,4987.58,82,2.86,2.83,0.04,2.57,2.57,0,29.85,30.07,-0.23,41.68,41.84,-0.16,52.16,51.48,0.69,9.59,90.6
ARI,20082009,4901.5,81,2.45,3.04,-0.59,2.28,2.63,-0.36,27.78,31.28,-3.5,38.54,44.33,-5.79,50.89,58.86,-7.97,8.81,90.29
ATL,20082009,4981.48,82,3.01,3.36,-0.35,2.6,2.92,-0.33,27.77,32.32,-4.54,38,43.42,-5.42,49.65,56.93,-7.29,10.84,89.6
BOS,20082009,4926.88,81,3.25,2.29,0.96,2.61,2.53,0.08,29.96,30.38,-0.43,40.93,40.37,0.56,53.69,53.16,0.54,10.85,92.46
BUF,20082009,4898.18,82,2.96,2.81,0.16,2.4,2.4,-0.01,30.71,31.54,-0.83,41.4,43.22,-1.81,54.19,56.48,-2.29,9.65,91.11
CAR,20082009,4986.05,82,2.84,2.66,0.18,2.81,2.71,0.09,32.19,29.11,3.08,45.22,41.41,3.81,60.5,55.78,4.73,8.82,90.86
CBJ,20082009,5009.65,82,2.63,2.67,-0.04,2.29,2.27,0.01,28.4,27.32,1.08,38.67,37.22,1.45,50.67,49.46,1.21,9.28,90.22
CGY,20082009,4900.18,81,3.04,2.96,0.07,2.68,2.54,0.14,31.97,29.41,2.56,44.7,40.75,3.95,59.13,50.28,8.85,9.5,89.93
CHI,20082009,4995.63,82,3.12,2.51,0.61,2.57,2.37,0.2,32.22,28.15,4.07,42.59,36.62,5.97,54.47,46.78,7.69,9.69,91.08
COL,20082009,4989.5,82,2.28,3.04,-0.76,2.19,2.31,-0.12,28.37,28.57,-0.2,38.32,40.79,-2.47,50.31,56.63,-6.31,8.05,89.35
DAL,20082009,5004.55,82,2.69,3.01,-0.32,2.31,2.4,-0.09,28.4,27.62,0.78,40.54,39.1,1.44,51.92,50.87,1.06,9.46,89.11
DET,20082009,4927.73,81,3.47,2.89,0.58,2.82,2.31,0.51,35.63,27.3,8.33,48.4,36.83,11.57,62.05,45.71,16.34,9.74,89.43
EDM,20082009,4885.02,82,2.8,3,-0.2,2.49,2.76,-0.27,28.29,32.77,-4.48,39.49,45.41,-5.92,52.48,58.6,-6.12,9.9,90.85
FLA,20082009,4998.32,82,2.77,2.68,0.1,2.5,2.86,-0.36,28.95,34.14,-5.19,39.88,46.61,-6.73,52.81,59.88,-7.07,9.58,92.16
L.A,20082009,4802.32,82,2.52,2.82,-0.3,2.61,2.52,0.09,29.77,28.76,1.01,43.69,41.69,2,57.33,54.69,2.65,8.48,90.18
MIN,20082009,4986.58,82,2.57,2.37,0.2,2.13,2.28,-0.15,27.17,30.3,-3.13,38.08,41.72,-3.63,49.9,54.15,-4.25,9.48,92.18
MTL,20082009,4906.72,82,2.96,2.93,0.02,2.71,2.76,-0.05,30.09,31.81,-1.71,41.53,44.03,-2.51,56.98,60.13,-3.14,9.83,90.77
N.J,20082009,4992.1,82,2.86,2.49,0.37,2.79,2.33,0.46,32.43,29.03,3.4,43.58,38.51,5.07,56.37,50.17,6.2,8.82,91.43
NSH,20082009,4996.05,82,2.49,2.74,-0.25,2.38,2.6,-0.22,28.52,28.95,-0.43,39.5,39.84,-0.34,51.34,52.27,-0.92,8.72,90.54
NYI,20082009,4876.53,82,2.44,3.37,-0.94,2.47,3.11,-0.64,29.2,33.85,-4.65,39.74,47.06,-7.32,54.37,64.16,-9.79,8.34,90.04
NYR,20082009,5010.73,82,2.39,2.54,-0.14,3.02,2.91,0.12,31.84,29.13,2.71,44.41,40.52,3.89,58.61,51.98,6.63,7.52,91.29
OTT,20082009,4993.48,82,2.56,2.78,-0.22,2.37,2.32,0.05,28.91,28.08,0.83,39.16,38.59,0.56,51.96,52.38,-0.42,8.85,90.12
PHI,20082009,5004.82,82,3.12,2.78,0.34,2.55,2.81,-0.25,29.26,31.99,-2.72,40.32,44.45,-4.14,54.02,59.35,-5.33,10.65,91.3
PIT,20082009,4909.82,82,3.15,2.85,0.31,2.66,2.53,0.13,29.1,30.36,-1.26,40.38,42.06,-1.69,53.48,57.7,-4.23,10.84,90.62
S.J,20082009,4899.87,82,3.07,2.44,0.64,3.07,2.32,0.75,33.31,27.28,6.02,45.69,37.27,8.41,59.9,49.13,10.78,9.23,91.07
STL,20082009,4994.82,82,2.73,2.73,0,2.44,2.4,0.04,27.28,28.13,-0.85,38.86,40.23,-1.37,49.86,53.78,-3.92,10,90.31
T.B,20082009,5008.2,82,2.48,3.22,-0.74,2.34,2.65,-0.31,28.01,32.37,-4.36,38.22,43.64,-5.43,49.56,56.87,-7.31,8.85,90.04
TOR,20082009,4945.9,81,2.94,3.43,-0.5,2.66,2.71,-0.05,31.21,29.82,1.4,44.15,43.09,1.06,58.84,58.12,0.72,9.41,88.49
VAN,20082009,4830.18,81,3.01,2.58,0.42,2.64,2.48,0.16,28.56,29.32,-0.76,40.2,41.04,-0.84,53.12,53.29,-0.17,10.53,91.19
WSH,20082009,4885.65,82,3.29,2.95,0.34,3.02,2.61,0.41,33.75,29.7,4.05,46.75,40.88,5.87,63.19,54.53,8.66,9.75,90.07
ANA,20092010,4795.87,82,2.92,3.04,-0.13,2.61,3.02,-0.41,30.93,34.24,-3.32,42.81,47.89,-5.08,54.58,59.69,-5.1,9.43,91.12
ARI,20092010,5032.58,82,2.52,2.34,0.18,2.38,2.44,-0.06,29.85,28.94,0.92,41.67,41,0.67,54.54,52.57,1.98,8.43,91.92
ATL,20092010,4988,82,2.77,3.01,-0.24,2.46,2.95,-0.49,28.99,32.67,-3.68,39.11,43.33,-4.22,52.31,56.19,-3.87,9.54,90.8
BOS,20092010,4932.53,82,2.38,2.32,0.06,2.44,2.35,0.09,31.61,29.74,1.87,42.95,39.39,3.56,57,51.21,5.79,7.54,92.19
BUF,20092010,4791.8,82,2.89,2.52,0.38,2.61,2.66,-0.05,32.41,32.23,0.18,43.72,44.39,-0.66,57.15,56.86,0.29,8.93,92.19
CAR,20092010,4926.68,81,2.73,3.03,-0.3,2.77,3.08,-0.31,28.9,30.88,-1.99,41.03,44.01,-2.98,55.66,58.15,-2.5,9.44,90.18
CBJ,20092010,4937.35,81,2.56,3.03,-0.46,2.27,2.51,-0.23,28.16,30.06,-1.91,37.21,41.21,-4,48.79,53.53,-4.74,9.11,89.94
CGY,20092010,4979.9,82,2.42,2.45,-0.02,2.22,2.26,-0.04,28.31,28.58,-0.27,40.42,40.22,0.2,55.07,53.01,2.06,8.55,91.44
CHI,20092010,5012.57,82,3.14,2.43,0.71,2.82,2.2,0.62,33.5,24.63,8.87,45.26,33.5,11.75,59.6,46.28,13.32,9.36,90.14
COL,20092010,4995.27,82,2.85,2.74,0.11,2.47,2.61,-0.14,27.48,31.55,-4.07,36.67,43.45,-6.77,47.97,58.17,-10.2,10.36,91.32
DAL,20092010,4957.97,81,2.73,2.92,-0.18,2.54,2.48,0.06,30.21,30.71,-0.51,42.05,43.45,-1.39,55.01,57.24,-2.23,9.05,90.5
DET,20092010,5015.12,82,2.67,2.48,0.19,2.71,2.23,0.48,32.73,28.87,3.86,45.81,38.86,6.95,59.99,49.79,10.19,8.15,91.42
EDM,20092010,4997.1,82,2.47,3.34,-0.86,2.33,2.84,-0.51,27.87,32.62,-4.75,38.58,46.51,-7.94,50.95,62.18,-11.24,8.88,89.77
FLA,20092010,5008.17,82,2.42,2.8,-0.38,2.26,2.67,-0.41,27.93,33.57,-5.64,38.67,45.85,-7.18,50.98,62.66,-11.68,8.67,91.65
L.A,20092010,4919.5,82,2.82,2.57,0.24,2.42,2.44,-0.02,29.14,27.56,1.57,41.53,39.97,1.56,53.58,52.04,1.54,9.67,90.66
MIN,20092010,4994.53,82,2.57,2.87,-0.3,2.3,2.23,0.06,27.22,29.01,-1.79,38.36,40.04,-1.68,50.52,53.21,-2.69,9.44,90.1
MTL,20092010,4815.97,82,2.62,2.72,-0.1,2.55,2.77,-0.23,29.22,32.82,-3.6,41.15,45.61,-4.46,55.91,62.36,-6.44,8.96,91.72
N.J,20092010,4990,82,2.6,2.24,0.36,2.46,2.09,0.37,29.57,26.61,2.96,39.37,35.6,3.76,50.71,47.18,3.52,8.78,91.6
NSH,20092010,4990.77,82,2.61,2.66,-0.05,2.49,2.45,0.04,30.15,28.81,1.35,42.34,39.18,3.16,55.48,51.27,4.21,8.65,90.78
NYI,20092010,4955.22,81,2.55,3.08,-0.52,2.78,2.87,-0.09,29.92,31.37,-1.45,41.3,43.52,-2.22,55.49,60.12,-4.63,8.54,90.2
NYR,20092010,4977.13,82,2.64,2.58,0.06,3,3.04,-0.04,29.23,29.54,-0.3,41,41.51,-0.51,54.55,55.68,-1.13,9.03,91.27
OTT,20092010,4986.47,82,2.65,2.8,-0.16,2.54,2.46,0.08,29.31,28.14,1.17,40.25,38.76,1.49,53.92,53.11,0.81,9.03,90.04
PHI,20092010,4969.33,82,2.8,2.68,0.12,2.95,2.56,0.4,31.26,28.35,2.91,43.35,39.49,3.85,57.82,54.64,3.19,8.96,90.55
PIT,20092010,4932.93,81,3,2.83,0.17,2.75,2.48,0.27,32.24,28.23,4.01,44.91,40.08,4.83,59.16,54.28,4.88,9.32,89.96
S.J,20092010,4938.42,81,3.12,2.5,0.62,2.92,2.69,0.23,31.14,30.97,0.17,43.78,43.01,0.77,58.28,55.83,2.45,10.03,91.92
STL,20092010,5002.07,82,2.61,2.61,0,2.54,2.62,-0.08,29.32,29.68,-0.36,41.18,41.53,-0.35,54.34,54.18,0.16,8.92,91.19
T.B,20092010,5002,82,2.55,3.03,-0.48,2.37,2.68,-0.31,28.39,30.89,-2.5,39.09,42.15,-3.06,50.82,55.44,-4.62,9,90.17
TOR,20092010,5003.18,82,2.52,3.15,-0.64,2.65,2.63,0.02,32.03,29.26,2.77,45.43,41.72,3.71,62.01,56.33,5.68,7.86,89.22
VAN,20092010,4772.82,82,3.37,2.74,0.63,2.77,2.52,0.25,31.86,30.41,1.45,44.82,41.85,2.97,58.73,54.29,4.44,10.58,90.99
WSH,20092010,5008.63,82,3.75,2.72,1.03,3.03,2.62,0.41,32.26,30.37,1.89,45.11,42.13,2.98,62.26,55.94,6.31,11.62,91.05
ANA,20102011,4992.72,82,2.82,2.8,0.02,2.44,2.89,-0.45,28.05,31.83,-3.79,38.68,45.59,-6.91,49.19,60.58,-11.39,10.07,91.2
ARI,20102011,4995.48,82,2.71,2.64,0.07,2.61,2.85,-0.24,29.86,32.09,-2.23,42.25,45.28,-3.03,55.95,57.96,-2.02,9.09,91.77
ATL,20102011,5012.82,82,2.61,3.14,-0.53,2.55,2.91,-0.37,30.89,31.58,-0.68,42.28,42.57,-0.3,55.73,58.04,-2.31,8.45,90.07
BOS,20102011,4980.07,82,2.94,2.28,0.66,2.61,2.64,-0.03,32.48,32.32,0.16,43.9,43.6,0.3,59.31,57.72,1.59,9.05,92.96
BUF,20102011,4999.08,82,2.88,2.74,0.14,2.63,2.55,0.08,32.29,30.17,2.11,42.81,42.27,0.54,56.28,56.29,-0.01,8.92,90.93
CAR,20102011,4996.7,82,2.77,2.81,-0.04,2.77,2.97,-0.21,30.22,32.72,-2.5,42.77,46.59,-3.82,59.26,61.04,-1.78,9.18,91.41
CBJ,20102011,5011.55,82,2.51,2.99,-0.48,2.6,2.53,0.07,30,29.3,0.71,41.42,39.63,1.8,55.22,52.97,2.25,8.38,89.78
CGY,20102011,5018.72,82,2.88,2.75,0.13,2.53,2.2,0.33,29.91,27.95,1.96,42.43,38.94,3.49,56.69,53.39,3.3,9.63,90.16
CHI,20102011,5000.23,82,3.02,2.64,0.38,2.64,2.41,0.23,31.62,28.23,3.38,42.75,38.16,4.6,56.71,51.87,4.84,9.56,90.65
COL,20102011,4990.48,82,2.66,3.44,-0.78,2.49,2.79,-0.3,28.78,31.36,-2.57,39.01,43.75,-4.74,51.15,57.89,-6.74,9.23,89
DAL,20102011,5002.2,82,2.66,2.71,-0.05,2.45,2.54,-0.09,27.22,30.03,-2.82,39.98,41.84,-1.86,53.26,56.28,-3.02,9.78,90.97
DET,20102011,5004.6,82,3.08,2.84,0.24,2.83,2.57,0.27,33.03,30.12,2.91,46.4,41.06,5.34,59.93,52.06,7.88,9.33,90.57
EDM,20102011,4989.55,82,2.3,3.13,-0.83,2.38,3.03,-0.65,26.32,31.23,-4.91,36.42,43.78,-7.36,50.27,58.44,-8.18,8.73,89.99
FLA,20102011,5004.08,82,2.29,2.66,-0.37,2.51,2.63,-0.13,29.89,31.29,-1.4,41.26,43.27,-2.01,55.26,56.76,-1.5,7.66,91.49
L.A,20102011,4993.75,82,2.51,2.35,0.16,2.43,2.25,0.19,28.39,27.49,0.9,41.38,39.1,2.28,55.91,51.5,4.41,8.84,91.43
MIN,20102011,4985.2,82,2.44,2.74,-0.3,2.18,2.58,-0.39,25.85,31.59,-5.74,36.24,43.75,-7.51,48.24,57.34,-9.1,9.45,91.31
MTL,20102011,4973.98,82,2.57,2.48,0.08,2.6,2.69,-0.1,31.39,30.62,0.77,43.59,41.79,1.81,58.49,57.13,1.36,8.19,91.88
N.J,20102011,4975.87,82,2.06,2.5,-0.43,2.23,2.14,0.09,28.26,25.95,2.32,38.33,34.81,3.52,50.03,45.36,4.67,7.3,90.38
NSH,20102011,4994.22,82,2.56,2.28,0.28,2.5,2.44,0.05,28.38,30.13,-1.75,38.47,41.15,-2.68,51.42,53.25,-1.83,9.02,92.42
NYI,20102011,5013.12,82,2.69,3.09,-0.39,2.82,3.12,-0.3,28.81,31.36,-2.55,39.59,44.5,-4.91,53.99,61.1,-7.11,9.35,90.15
NYR,20102011,4991.77,82,2.69,2.34,0.35,3.14,2.69,0.45,29.48,28.97,0.52,40.78,39.73,1.06,53.75,55.36,-1.61,9.13,91.91
OTT,20102011,4972.03,82,2.29,2.96,-0.66,2.38,2.75,-0.36,28.73,30.88,-2.15,39.5,42.37,-2.87,52.86,55.82,-2.97,7.98,90.43
PHI,20102011,4988.27,82,3.08,2.6,0.48,2.92,2.65,0.27,31.33,29.72,1.61,42.77,41.93,0.84,57.3,57.77,-0.47,9.83,91.26
PIT,20102011,5016.07,82,2.73,2.34,0.38,2.5,2.4,0.1,30.88,28.12,2.76,42.5,38.59,3.91,57.91,51.53,6.38,8.83,91.66
S.J,20102011,4998.78,82,2.92,2.5,0.42,3.22,2.43,0.8,33.98,28.43,5.55,47.12,39.36,7.77,63,53.05,9.95,8.58,91.22
STL,20102011,4987.78,82,2.84,2.74,0.1,2.58,2.53,0.05,29.77,27.37,2.41,42.32,38.35,3.97,56.24,51.57,4.67,9.54,89.98
T.B,20102011,5013.22,82,2.88,2.8,0.08,2.75,2.27,0.48,31.19,28.17,3.02,43.03,39.4,3.63,56.71,54.35,2.36,9.25,90.06
TOR,20102011,4994.67,82,2.56,2.94,-0.38,2.35,2.63,-0.27,28.35,30.51,-2.16,40.45,43.61,-3.16,56.7,59.5,-2.8,9.03,90.35
VAN,20102011,4984.9,82,3.09,2.17,0.93,2.72,2.63,0.1,31.57,29.73,1.84,43.87,40.49,3.38,58.98,53.38,5.6,9.83,92.71
WSH,20102011,5010.6,82,2.62,2.29,0.34,2.73,2.41,0.32,30.73,28.44,2.29,42.59,39.73,2.86,58.32,54.78,3.53,8.53,91.96
ANA,20112012,4986.85,82,2.42,2.7,-0.28,2.53,2.71,-0.18,27.58,28.47,-0.89,39.81,41.06,-1.25,53.02,55.2,-2.18,8.77,90.53
ARI,20112012,4831.95,79,2.51,2.32,0.19,2.53,2.7,-0.17,29.06,31.09,-2.04,41.16,43.77,-2.61,55.03,56.66,-1.63,8.65,92.52
BOS,20112012,4988.88,82,3.13,2.39,0.73,2.59,2.3,0.29,31.91,29.36,2.55,44.05,39.46,4.59,59.7,52.14,7.56,9.8,91.85
BUF,20112012,5010.63,82,2.53,2.67,-0.14,2.34,2.64,-0.3,28.68,30.79,-2.11,39.37,42.41,-3.04,53.23,55.29,-2.06,8.81,91.33
CAR,20112012,4988.67,82,2.55,2.85,-0.3,2.85,3,-0.15,30.03,31.91,-1.88,42.25,44.93,-2.68,57.07,59.82,-2.75,8.49,91.07
CBJ,20112012,4973.75,82,2.39,3.1,-0.71,2.49,2.44,0.05,29.59,30.6,-1.01,39.75,40.39,-0.64,52.17,53.1,-0.93,8.07,89.87
CGY,20112012,5008.08,82,2.38,2.6,-0.22,2.38,2.58,-0.19,27.06,30.3,-3.23,36.94,42.54,-5.61,50.35,56.42,-6.06,8.81,91.42
CHI,20112012,5016.2,82,2.88,2.76,0.12,2.76,2.47,0.3,30.88,28.03,2.86,41.91,38.28,3.64,56.15,50.58,5.56,9.33,90.14
COL,20112012,5006.52,82,2.38,2.61,-0.23,2.47,2.58,-0.11,30.97,29.09,1.88,41.43,40.83,0.6,56.12,54.15,1.98,7.7,91.02
DAL,20112012,4988.98,82,2.45,2.62,-0.17,2.27,2.59,-0.33,27.84,30.39,-2.55,39.94,42.37,-2.43,53.82,57.55,-3.73,8.81,91.37
DET,20112012,4999.3,82,2.87,2.4,0.47,2.77,2.36,0.41,31.66,26.55,5.11,43.63,36.39,7.24,57.44,48.05,9.39,9.06,90.96
EDM,20112012,4987.33,82,2.49,2.79,-0.3,2.44,3.01,-0.57,26.3,30.28,-3.98,36.83,42.05,-5.22,49.2,56.95,-7.75,9.47,90.78
FLA,20112012,5025.82,82,2.35,2.58,-0.23,2.32,2.52,-0.2,29.05,29.91,-0.86,39.99,40.48,-0.49,53.04,52.92,0.12,8.1,91.38
L.A,20112012,5018.43,82,2.25,2.03,0.22,2.65,2.34,0.31,30,26.88,3.12,43.42,39.16,4.27,58.37,50.74,7.63,7.49,92.44
MIN,20112012,4970.63,81,1.99,2.57,-0.58,2.33,2.59,-0.26,25.95,30.7,-4.74,35.95,43.79,-7.85,48.32,59.85,-11.53,7.64,91.56
MTL,20112012,5017.93,82,2.48,2.56,-0.08,2.45,2.52,-0.06,27.97,29.08,-1.11,38.74,40.59,-1.85,53.48,56.62,-3.13,8.85,91.2
N.J,20112012,5013.52,82,2.59,2.45,0.13,2.46,2.21,0.24,26.96,26.33,0.63,36.08,34.85,1.23,47.22,45.96,1.27,9.59,90.68
NSH,20112012,4982.73,82,2.79,2.47,0.33,2.35,2.49,-0.14,27.23,30.39,-3.17,36.9,42.11,-5.21,48.48,56.72,-8.24,10.26,91.88
NYI,20112012,4999.63,82,2.35,3.01,-0.66,2.81,2.96,-0.16,28.92,29.59,-0.67,39.12,41.45,-2.33,52.86,57.82,-4.96,8.13,89.82
NYR,20112012,4998.05,82,2.67,2.18,0.48,3,2.68,0.32,28.08,27.38,0.7,38.72,38.74,-0.02,50.98,54.8,-3.82,9.49,92.02
OTT,20112012,4935.28,81,2.93,2.83,0.1,2.66,2.74,-0.09,30.88,31.62,-0.74,43.27,42.82,0.45,59.45,55.75,3.7,9.44,91.02
PHI,20112012,5001.97,82,3.12,2.7,0.42,3.11,2.59,0.53,31.67,27.94,3.73,43.69,39.62,4.07,58.57,54.11,4.46,9.85,90.34
PIT,20112012,4995.57,82,3.28,2.62,0.66,2.96,2.42,0.54,33.38,26.98,6.4,46.45,37.46,8.98,62,50.25,11.75,9.82,90.29
S.J,20112012,5017.95,82,2.62,2.45,0.17,2.92,2.37,0.55,33.16,28.02,5.14,46.08,38.99,7.09,61.72,54.86,6.86,7.9,91.25
STL,20112012,4942.15,81,2.45,1.87,0.58,2.8,2.28,0.52,30.12,26.16,3.96,42.92,36.75,6.17,56.7,50.12,6.58,8.2,92.92
T.B,20112012,4990.97,82,2.79,3.34,-0.55,2.26,2.71,-0.45,26.77,30.07,-3.29,37.1,42.26,-5.16,50.09,57.62,-7.53,10.42,88.88
TOR,20112012,4986.67,82,2.73,3.12,-0.39,2.52,2.77,-0.24,27.94,30.42,-2.48,39.86,43.29,-3.43,55.54,58.01,-2.47,9.78,89.75
VAN,20112012,5021.92,82,2.88,2.28,0.6,2.54,2.68,-0.14,30.86,30.18,0.68,42.69,39.42,3.27,58.24,51.59,6.65,9.33,92.44
WPG,20112012,4985.48,82,2.66,2.91,-0.25,2.72,2.86,-0.14,29.74,29.73,0.01,42.58,42.03,0.55,55.82,56.43,-0.61,8.94,90.2
WSH,20112012,4985.82,82,2.62,2.72,-0.1,2.31,2.48,-0.18,27.63,29.78,-2.15,38.87,41.36,-2.49,52.72,57.03,-4.31,9.49,90.87
ANA,20122013,2936.3,48,2.74,2.35,0.39,2.59,2.47,0.11,27.52,27.38,0.14,38.23,40.19,-1.96,51.55,56.05,-4.5,9.95,91.42
ARI,20122013,2945.2,48,2.47,2.55,-0.08,2.51,2.65,-0.14,30.21,29.91,0.31,42.48,42.05,0.43,56.63,56.08,0.55,8.16,91.49
BOS,20122013,2923.08,48,2.61,2.18,0.43,2.75,2.47,0.28,31.96,28.2,3.76,44.5,38.94,5.56,60.12,52.28,7.84,8.16,92.29
BUF,20122013,2946.13,48,2.4,2.83,-0.43,2.2,2.92,-0.72,27.27,32.71,-5.44,36.64,45.21,-8.57,48.98,59.83,-10.85,8.81,91.34
CAR,20122013,2898.4,48,2.63,3.29,-0.66,2.97,3.16,-0.19,31.98,32.05,-0.06,45.27,44.74,0.54,61.63,58.54,3.08,8.22,89.73
CBJ,20122013,2949.87,48,2.34,2.34,0,2.09,2.28,-0.19,26.1,29.21,-3.11,35.31,39.3,-3.99,49.14,52.05,-2.91,8.96,91.99
CGY,20122013,2901.17,48,2.65,3.25,-0.6,2.45,2.6,-0.15,26.72,29.22,-2.5,37.43,40.93,-3.5,50.44,55.38,-4.94,9.91,88.89
CHI,20122013,2945.42,48,3.04,1.98,1.06,2.57,2.23,0.35,30.43,25.63,4.81,40.62,34.49,6.13,54.72,47.77,6.95,9.97,92.29
COL,20122013,2930.47,48,2.33,3.07,-0.74,2.37,2.86,-0.49,28.97,30.88,-1.9,39.37,43,-3.62,52.89,59.03,-6.14,8.06,90.05
DAL,20122013,2906.1,48,2.64,2.91,-0.27,2.56,2.97,-0.41,26.03,30.74,-4.71,37.99,43.75,-5.76,53.21,57.6,-4.4,10.15,90.53
DET,20122013,2927.73,48,2.5,2.25,0.25,2.68,2.38,0.3,29.67,27.09,2.58,42.22,36.48,5.74,56.05,47.96,8.1,8.43,91.68
EDM,20122013,2923.7,48,2.52,2.69,-0.16,2.36,3.03,-0.67,26.37,32.26,-5.89,36.26,44.92,-8.66,48.1,60.38,-12.27,9.57,91.67
FLA,20122013,2914.78,48,2.24,3.5,-1.26,2.37,2.77,-0.4,28.84,30.96,-2.12,39.21,42.14,-2.92,51.69,54.59,-2.9,7.78,88.7
L.A,20122013,2917.15,48,2.69,2.34,0.35,2.69,2.22,0.47,29.43,24.64,4.79,42.93,35.36,7.57,57.53,45.87,11.66,9.15,90.48
MIN,20122013,2919.78,48,2.42,2.57,-0.14,2.49,2.03,0.46,28.4,26.69,1.71,38.55,37.19,1.36,51.6,49.81,1.79,8.54,90.38
MTL,20122013,2917.87,48,3,2.55,0.45,2.68,2.21,0.47,30.19,26.61,3.58,42.11,36.73,5.39,57.76,51.16,6.6,9.95,90.42
N.J,20122013,2937.75,48,2.25,2.49,-0.25,2.54,2.1,0.44,27.84,22.67,5.17,39.23,30.39,8.84,52.41,40.91,11.5,8.07,89.01
NSH,20122013,2929.38,48,2.23,2.72,-0.49,2.26,2.27,-0.02,25.48,27.34,-1.86,34.98,38.42,-3.44,46.78,52.82,-6.04,8.76,90.04
NYI,20122013,2927.27,48,2.77,2.79,-0.02,3.09,2.68,0.41,30.42,27.71,2.71,41.2,39.46,1.74,56.61,55.16,1.46,9.1,89.94
NYR,20122013,2927.25,48,2.58,2.21,0.37,2.85,2.7,0.15,30.4,27.73,2.66,42,39.01,2.99,56.94,54.85,2.09,8.5,92.02
OTT,20122013,2930.63,48,2.29,2.05,0.25,2.62,2.4,0.23,32.57,30.75,1.82,44.82,41.48,3.34,61.58,54.09,7.49,7.04,93.34
PHI,20122013,2900.9,48,2.73,2.87,-0.14,2.58,2.61,-0.03,28.85,28.36,0.5,39.63,40.87,-1.24,53.78,57.09,-3.31,9.46,89.86
PIT,20122013,2898.42,48,3.35,2.46,0.89,2.78,2.48,0.3,29.77,29.04,0.72,41.09,40.37,0.72,54.55,55.58,-1.04,11.27,91.52
S.J,20122013,2948.32,48,2.36,2.28,0.08,2.84,2.46,0.37,31.05,28.29,2.77,43.94,39.89,4.05,60.28,56.17,4.11,7.6,91.94
STL,20122013,2919.8,48,2.55,2.34,0.21,2.22,2.22,0,27.45,23.86,3.6,38.53,33.93,4.6,51.91,47.84,4.07,9.28,90.18
T.B,20122013,2904.3,48,3.04,3.04,0,2.36,2.7,-0.34,27.33,29.96,-2.62,37.72,42.47,-4.75,49.79,56.52,-6.73,11.11,89.86
TOR,20122013,2911.15,48,2.99,2.64,0.35,2.27,2.67,-0.4,26.05,31.93,-5.87,37.33,45.61,-8.29,51.3,62.64,-11.34,11.47,91.74
VAN,20122013,2943.72,48,2.49,2.34,0.14,2.43,2.43,-0.01,27.54,28.31,-0.77,39.01,38.03,0.98,53.48,49.59,3.89,9.03,91.72
WPG,20122013,2917.42,48,2.59,2.9,-0.31,2.64,2.67,-0.03,28.59,29.29,-0.7,41.09,41.28,-0.19,56.37,55.94,0.43,9.06,90.1
WSH,20122013,2909.52,48,3.01,2.68,0.33,2.53,2.68,-0.15,27.84,31.98,-4.15,39.24,42.48,-3.24,53.82,58.26,-4.43,10.81,91.62
ANA,20132014,4990.88,82,3.16,2.44,0.72,2.92,2.62,0.3,30.88,28.3,2.58,43.13,41.31,1.83,56.59,56.24,0.35,10.24,91.38
ARI,20132014,5016.35,82,2.51,2.68,-0.17,2.43,2.71,-0.28,29.88,30.39,-0.51,41.82,41.93,-0.12,56.26,55.44,0.83,8.41,91.18
BOS,20132014,4978.82,82,3.11,2.06,1.05,2.69,2.28,0.41,31.49,28.74,2.75,43.38,38.89,4.5,58.3,51.55,6.75,9.87,92.83
BUF,20132014,4894.52,82,1.84,2.98,-1.14,2.2,3.09,-0.89,26.44,34.52,-8.08,35.98,47.59,-11.61,48.1,62.76,-14.66,6.95,91.37
CAR,20132014,4979.15,82,2.47,2.72,-0.25,2.78,2.8,-0.03,30.86,30.57,0.29,43.61,43.36,0.25,59.4,56.56,2.83,8,91.09
CBJ,20132014,4876.75,82,2.77,2.63,0.14,2.52,2.43,0.09,29.9,31.05,-1.16,41.03,41.13,-0.1,54.66,54.43,0.23,9.26,91.52
CGY,20132014,4995.05,82,2.43,2.86,-0.43,2.31,2.6,-0.29,26.41,28.18,-1.77,37.53,39.88,-2.35,50.97,56.96,-5.99,9.19,89.86
CHI,20132014,5007.45,82,3.13,2.54,0.59,2.84,2.31,0.54,32.56,26.71,5.85,43.59,36.1,7.49,58.78,48.36,10.42,9.61,90.49
COL,20132014,5002.97,82,2.94,2.59,0.35,2.54,2.82,-0.29,29.03,32.12,-3.08,38.96,44.87,-5.9,51.7,59.28,-7.58,10.12,91.93
DAL,20132014,4991.33,82,2.78,2.67,0.11,3.02,2.84,0.18,31.24,29.96,1.29,44.55,42.51,2.04,59.55,57.05,2.5,8.89,91.09
DET,20132014,5026.45,82,2.59,2.64,-0.05,2.47,2.47,0,29.3,28.66,0.64,40.31,38.17,2.14,52.03,50.28,1.75,8.84,90.8
EDM,20132014,4981.9,82,2.4,3.22,-0.82,2.48,3.07,-0.59,26.6,32.47,-5.87,36.68,46.16,-9.48,49.39,61.24,-11.85,9.01,90.1
FLA,20132014,4996.87,82,2.26,3.15,-0.89,2.4,2.77,-0.36,29.43,30.63,-1.2,40.87,41.07,-0.19,53.64,52.86,0.78,7.67,89.73
L.A,20132014,5001.38,82,2.38,2.02,0.36,2.82,2.33,0.49,31.13,25.79,5.34,45.38,37.25,8.13,60.79,48.37,12.42,7.63,92.19
MIN,20132014,4920.05,82,2.43,2.41,0.01,2.23,2.23,0.01,26.6,27.72,-1.12,37.08,38.88,-1.79,49.73,52.61,-2.88,9.12,91.29
MTL,20132014,4991.65,82,2.51,2.42,0.1,2.56,2.71,-0.15,28.02,30.54,-2.52,39.34,42.32,-2.98,53.51,60.24,-6.73,8.97,92.09
N.J,20132014,5014.63,82,2.36,2.33,0.02,2.35,2.14,0.21,26.32,24.99,1.33,36.28,33.5,2.78,48.4,43.66,4.74,8.95,90.67
NSH,20132014,4989.9,82,2.57,2.8,-0.23,2.36,2.25,0.12,28.64,28.5,0.14,38.97,39.99,-1.02,50.98,54.78,-3.8,8.98,90.17
NYI,20132014,4915.98,82,2.64,3.19,-0.55,3.1,3.03,0.07,30.96,30.07,0.89,42.33,42.52,-0.2,57.73,57.68,0.05,8.51,89.41
NYR,20132014,4766.88,82,2.69,2.39,0.3,3,2.72,0.28,34.22,30.36,3.86,46.72,41.69,5.03,62.61,55.77,6.83,7.87,92.12
OTT,20132014,5008.7,82,2.74,3.09,-0.35,2.6,2.91,-0.31,32.25,34.14,-1.89,45.33,45.9,-0.57,60.28,57.34,2.93,8.51,90.95
PHI,20132014,4991.68,82,2.8,2.73,0.07,2.65,2.57,0.08,29.93,30.15,-0.22,42.01,41.13,0.88,57.41,55.56,1.85,9.36,90.95
PIT,20132014,4886.9,82,2.97,2.5,0.47,2.57,2.41,0.16,30.13,28.96,1.17,40.75,41.03,-0.28,54.05,55.61,-1.56,9.86,91.35
S.J,20132014,5021.05,82,2.86,2.31,0.55,3.22,2.25,0.97,34.07,27.27,6.8,47.79,38.31,9.48,64.28,53.68,10.6,8.38,91.54
STL,20132014,5002.03,82,2.87,2.26,0.61,2.5,2.24,0.26,28.82,25.95,2.88,41.13,36.39,4.74,55.43,49.84,5.59,9.95,91.31
T.B,20132014,5013.12,82,2.78,2.5,0.28,2.47,2.51,-0.05,29.29,28.71,0.57,41.21,40.77,0.44,53.6,54.18,-0.59,9.48,91.29
TOR,20132014,4907.25,82,2.71,3.08,-0.37,2.46,3.17,-0.72,28.01,36,-7.98,38.59,51.71,-13.12,52.14,67.32,-15.19,9.69,91.44
VAN,20132014,5007.85,82,2.29,2.59,-0.3,2.55,2.59,-0.03,30.26,27.89,2.37,42.62,39.23,3.39,57.58,53.81,3.77,7.56,90.72
WPG,20132014,5013.05,82,2.62,2.76,-0.14,2.8,2.75,0.05,30.11,29.6,0.51,42.41,41.39,1.02,57,56.42,0.57,8.7,90.66
WSH,20132014,5037.1,82,2.68,2.73,-0.05,2.56,2.78,-0.22,28.73,32.77,-4.04,40.07,44.84,-4.76,53.85,59.26,-5.41,9.33,91.68
ANA,20142015,5002.73,82,2.73,2.65,0.08,2.7,2.49,0.21,29.48,28.39,1.09,42.91,40.3,2.61,56.6,54.23,2.36,9.28,90.66
ARI,20142015,4995.43,82,1.98,3.21,-1.23,2.34,2.99,-0.65,28.74,32.69,-3.95,40.65,45.52,-4.88,55.47,60.79,-5.32,6.9,90.19
BOS,20142015,5025.32,82,2.5,2.4,0.1,2.47,2.41,0.06,30.4,29.24,1.16,42.39,40.27,2.11,57.51,52.77,4.74,8.21,91.79
BUF,20142015,4989.98,82,1.84,3.23,-1.39,1.99,3.03,-1.03,23.86,35.12,-11.27,31.74,49.25,-17.51,41.44,67.7,-26.26,7.71,90.79
CAR,20142015,4999.02,82,2.2,2.63,-0.43,2.68,2.54,0.14,30.29,26.85,3.44,42.6,38.66,3.94,58.19,51.74,6.45,7.25,90.21
CBJ,20142015,4998.12,82,2.73,2.98,-0.25,2.53,2.86,-0.34,28.4,32.92,-4.51,38.29,44.02,-5.73,50.6,56.99,-6.39,9.59,90.96
CGY,20142015,4990.97,82,2.85,2.56,0.29,2.44,2.52,-0.08,27.07,28.76,-1.68,37.77,41.33,-3.56,52.74,60.05,-7.31,10.52,91.1
CHI,20142015,4994.18,82,2.64,2.23,0.41,2.85,2.53,0.32,33.36,29.76,3.6,44.61,39.36,5.25,61.38,51.85,9.53,7.92,92.49
COL,20142015,5014.88,82,2.5,2.67,-0.17,2.27,2.89,-0.61,27.35,32.53,-5.18,36.53,45.36,-8.83,48.9,62,-13.1,9.14,91.8
DAL,20142015,4977.63,82,3.1,3.1,0,3.04,2.81,0.23,30.83,29.58,1.25,45.19,41.72,3.47,61.52,56.75,4.77,10.05,89.53
DET,20142015,5017.65,82,2.76,2.52,0.24,2.67,2.46,0.21,29.05,27.77,1.28,40.06,37.52,2.54,53.8,48.38,5.42,9.51,90.91
EDM,20142015,5004.33,82,2.31,3.31,-1,2.44,2.83,-0.39,27.95,29.54,-1.59,39.18,41.81,-2.63,53.86,56.26,-2.4,8.28,88.8
FLA,20142015,5022.82,82,2.37,2.54,-0.18,2.42,2.35,0.08,30.07,28.96,1.11,40.58,39.8,0.78,53.22,51.76,1.46,7.87,91.21
L.A,20142015,4990.72,82,2.62,2.37,0.25,2.63,2.36,0.27,30.49,26.63,3.86,43.82,37.97,5.85,58.78,49.89,8.88,8.6,91.11
MIN,20142015,4973.47,82,2.74,2.39,0.35,2.64,2.14,0.5,30.43,27.34,3.09,41.95,38.33,3.62,55.41,53.2,2.21,9,91.26
MTL,20142015,5007.15,82,2.56,2.2,0.36,2.47,2.59,-0.13,27.97,29.6,-1.63,38.81,40.92,-2.11,54.25,57.77,-3.52,9.17,92.55
N.J,20142015,4998.07,82,2.11,2.51,-0.4,2.18,2.6,-0.42,24.12,30.23,-6.11,33.43,40.19,-6.76,44.45,52.7,-8.25,8.76,91.7
NSH,20142015,5010.12,82,2.71,2.42,0.29,2.55,2.31,0.24,31.3,27.76,3.54,43.5,38.38,5.11,58.47,52.51,5.95,8.65,91.29
NYI,20142015,5007.9,82,2.94,2.68,0.25,3.41,2.72,0.68,33.19,27.81,5.38,45.68,38.59,7.09,61.41,54.43,6.98,8.84,90.35
NYR,20142015,4983.07,82,2.99,2.25,0.73,2.88,2.66,0.22,31.09,29.11,1.97,41.88,41.06,0.82,55.63,55.01,0.61,9.6,92.27
OTT,20142015,5026.4,82,2.77,2.48,0.29,2.78,2.58,0.2,30.32,31.45,-1.13,41.93,42.61,-0.68,57.45,55.09,2.36,9.13,92.11
PHI,20142015,4921.38,82,2.58,2.72,-0.13,2.56,2.75,-0.18,29.42,30.25,-0.83,40.88,41.99,-1.11,56.42,57.2,-0.78,8.79,91.01
PIT,20142015,5001.57,82,2.6,2.45,0.16,2.67,2.52,0.16,31.12,28.8,2.32,42.12,38.87,3.25,56.09,51.98,4.11,8.37,91.5
S.J,20142015,4881.58,82,2.75,2.78,-0.02,2.99,2.71,0.28,31.86,29.94,1.92,45.37,42.05,3.32,62.65,57.93,4.72,8.64,90.72
STL,20142015,5003.42,82,2.87,2.36,0.5,2.66,2.28,0.38,30.41,26.78,3.63,42.32,37.44,4.88,55.41,51.5,3.91,9.42,91.18
T.B,20142015,4977.03,82,3.12,2.48,0.64,2.58,2.34,0.24,29.27,27.57,1.7,40.46,38.4,2.06,54.33,51.63,2.7,10.67,90.99
TOR,20142015,4989.98,82,2.48,3.09,-0.61,2.46,3.11,-0.65,28.82,33.04,-4.22,40.1,46.45,-6.35,53.17,60.58,-7.41,8.59,90.65
VAN,20142015,4979.82,82,2.84,2.65,0.19,2.57,2.74,-0.17,29.57,29.47,0.1,40.41,40.68,-0.27,53.36,55.33,-1.96,9.62,91.01
WPG,20142015,5009.77,82,2.67,2.44,0.23,2.77,2.7,0.06,29.21,28.15,1.07,40.73,38.8,1.93,56.16,52.22,3.94,9.14,91.32
WSH,20142015,5001.93,82,2.84,2.39,0.46,2.61,2.45,0.16,29.03,28.41,0.62,41.74,39.94,1.8,56.8,55.19,1.61,9.79,91.6
ANA,20152016,4977.03,82,2.59,2.27,0.33,2.85,2.45,0.4,29.96,27.23,2.72,43.01,38.65,4.36,57.12,52.85,4.27,8.65,91.68
ARI,20152016,4956.22,82,2.52,2.95,-0.44,2.43,2.71,-0.29,27.43,30.76,-3.33,38.74,44.07,-5.33,52.75,57.99,-5.24,9.18,90.4
BOS,20152016,4978.52,82,2.84,2.75,0.1,2.55,2.67,-0.12,31.56,30.03,1.53,42.84,42.52,0.33,56.53,56.79,-0.25,9.01,90.85
BUF,20152016,4991.12,82,2.39,2.58,-0.19,2.43,2.55,-0.12,29.07,30.21,-1.14,39.48,42.16,-2.68,51.99,55.32,-3.33,8.23,91.44
CAR,20152016,5004.65,82,2.35,2.65,-0.3,2.69,2.58,0.11,29.37,27.12,2.25,41.72,38.95,2.77,56.1,50.7,5.39,8,90.23
CBJ,20152016,4985.28,82,2.56,2.98,-0.42,2.87,2.89,-0.02,28.73,30.68,-1.95,39.22,42.59,-3.37,52.45,57.76,-5.31,8.92,90.27
CGY,20152016,4973.22,82,2.76,3.1,-0.34,2.65,2.66,-0.02,28.93,28.67,0.27,39.74,40.8,-1.06,54.68,56.73,-2.05,9.55,89.18
CHI,20152016,4972.58,82,2.82,2.5,0.33,2.67,2.76,-0.09,30.13,30.49,-0.36,40.37,41.01,-0.64,55.4,54.68,0.71,9.37,91.81
COL,20152016,4858.47,82,2.62,2.96,-0.35,2.39,2.99,-0.6,29.01,32.73,-3.72,39.14,45.74,-6.61,51.73,63.04,-11.31,9.03,90.94
DAL,20152016,4968.4,82,3.2,2.75,0.45,3.14,2.76,0.37,31.71,28.65,3.07,45.25,41.52,3.73,61.47,56.3,5.17,10.09,90.39
DET,20152016,4992.85,82,2.51,2.63,-0.12,2.69,2.72,-0.04,29.24,29.31,-0.07,40.51,40.03,0.48,53.58,50.95,2.63,8.59,91.02
EDM,20152016,4981.87,82,2.4,2.91,-0.52,2.59,2.89,-0.3,28.75,30.7,-1.95,39.54,42.74,-3.2,54.35,57.59,-3.24,8.34,90.51
FLA,20152016,4986.23,82,2.79,2.41,0.39,2.6,2.43,0.16,28.4,29.08,-0.69,38.7,39.87,-1.17,49.38,51.2,-1.82,9.83,91.73
L.A,20152016,4984.62,82,2.68,2.31,0.37,2.8,2.62,0.19,31.6,27.14,4.45,46.31,38.21,8.1,61.79,50.57,11.22,8.5,91.49
MIN,20152016,4978.5,82,2.57,2.46,0.11,2.51,2.35,0.16,28.62,28.29,0.34,39.49,40.39,-0.89,52.77,54.96,-2.18,8.97,91.31
MTL,20152016,4973.8,82,2.61,2.81,-0.21,2.65,2.63,0.02,30.22,29.05,1.17,41.41,39.87,1.54,56.85,53.67,3.18,8.62,90.32
N.J,20152016,4991.3,82,2.19,2.43,-0.24,2.26,2.58,-0.33,24.05,28.23,-4.17,33.41,38.24,-4.83,43.18,50.91,-7.73,9.1,91.4
NSH,20152016,4980.22,82,2.7,2.57,0.13,2.62,2.25,0.37,30.2,27.02,3.18,41.79,36.61,5.18,55.65,51.46,4.19,8.93,90.5
NYI,20152016,5005.05,82,2.72,2.53,0.19,2.82,2.83,-0.01,28.9,29.9,-0.99,40.2,40.83,-0.64,55.18,56.68,-1.5,9.42,91.54
NYR,20152016,4974.48,82,2.81,2.59,0.22,2.67,2.94,-0.26,28.18,30.08,-1.91,39.47,42.26,-2.8,52.65,58.11,-5.46,9.97,91.38
OTT,20152016,5003.58,82,2.76,2.89,-0.13,2.48,2.85,-0.37,27.88,32.23,-4.35,39,44.04,-5.05,53.66,58.39,-4.72,9.89,91.03
PHI,20152016,5012.58,82,2.53,2.51,0.01,2.77,2.72,0.05,30.43,30.15,0.28,42.55,40.78,1.77,58.69,56.45,2.24,8.3,91.66
PIT,20152016,4984.73,82,2.9,2.4,0.51,2.99,2.4,0.59,32.76,29.32,3.44,43.79,39.7,4.09,58.15,52.83,5.32,8.85,91.83
S.J,20152016,4875.9,82,2.92,2.55,0.37,3.01,2.48,0.52,30.65,27.63,3.03,43.14,38.33,4.81,58.11,54.23,3.88,9.51,90.78
STL,20152016,5005.07,82,2.63,2.36,0.26,2.53,2.63,-0.1,29.65,29.26,0.38,40.65,39.92,0.73,53.87,53.43,0.44,8.86,91.93
T.B,20152016,4966.73,82,2.71,2.39,0.31,2.41,2.39,0.02,29.03,28.59,0.43,41.04,40.13,0.91,54.98,52.54,2.44,9.32,91.63
TOR,20152016,4996.53,82,2.31,2.88,-0.58,2.85,2.63,0.21,30.2,30.06,0.14,44.47,42.31,2.16,60.47,54.73,5.74,7.63,90.41
VAN,20152016,5004.35,82,2.23,2.87,-0.64,2.4,2.97,-0.57,27.71,31.98,-4.27,37.99,43.23,-5.24,50.57,55.92,-5.35,8.05,91.04
WPG,20152016,4971.38,82,2.56,2.85,-0.29,2.64,2.83,-0.19,29.32,29.23,0.08,40.62,40.19,0.43,55.01,53.86,1.15,8.73,90.26
WSH,20152016,4982.7,82,2.99,2.3,0.69,2.79,2.52,0.27,30.22,28.09,2.13,42.1,40.05,2.05,56.62,55.3,1.32,9.88,91.81
ANA,20162017,4979.78,82,2.65,2.37,0.28,2.89,2.74,0.15,29.23,29.28,-0.05,41.65,42.3,-0.65,55.17,56.14,-0.96,9.07,91.89
ARI,20162017,4985.78,82,2.3,3.1,-0.81,2.26,3.14,-0.88,27.45,33.66,-6.21,38.85,48.58,-9.74,51.57,63.2,-11.64,8.37,90.78
BOS,20162017,4964.12,82,2.8,2.53,0.28,2.82,2.33,0.48,32.89,26.55,6.33,45.84,37.42,8.42,60.6,50.64,9.96,8.53,90.49
BUF,20162017,4984.85,82,2.4,2.78,-0.39,2.48,2.81,-0.32,29.99,33.89,-3.9,40.73,45.99,-5.26,53.15,59.48,-6.33,7.99,91.8
CAR,20162017,4993.07,82,2.55,2.76,-0.22,2.86,2.63,0.23,29.96,27.88,2.08,42.24,39.65,2.58,57.44,52.42,5.02,8.5,90.09
CBJ,20162017,4969.68,82,2.98,2.33,0.65,2.8,2.89,-0.09,30.67,30.04,0.63,41.28,41.83,-0.56,55.1,56.07,-0.97,9.72,92.24
CGY,20162017,4973.93,82,2.68,2.64,0.04,2.48,2.58,-0.1,28.82,28.42,0.4,39.83,40.01,-0.18,54.25,53.41,0.83,9.29,90.7
CHI,20162017,4979.98,82,2.89,2.55,0.34,2.71,2.7,0.01,30.23,31.01,-0.78,40.34,41.28,-0.94,55.82,56.05,-0.23,9.57,91.76
COL,20162017,4953.78,82,2,3.34,-1.34,2.18,2.64,-0.46,27.91,31.53,-3.62,38.94,42.51,-3.57,52.63,55.55,-2.92,7.16,89.4
DAL,20162017,4960.12,82,2.69,3.15,-0.46,2.93,3.01,-0.08,30.3,29.54,0.76,43.69,42.27,1.43,59.14,58.35,0.79,8.86,89.35
DET,20162017,5018.57,82,2.37,2.92,-0.55,2.51,2.79,-0.28,27.92,30,-2.08,39.09,41.62,-2.52,51.24,54.36,-3.12,8.48,90.28
EDM,20162017,4991.08,82,2.92,2.49,0.43,3.03,2.79,0.24,30.65,29.07,1.59,42.12,40.02,2.1,56.56,55.58,0.99,9.53,91.44
FLA,20162017,5007.43,82,2.46,2.77,-0.31,2.56,2.69,-0.13,31.68,31.11,0.58,43.35,41.27,2.08,55.94,52.28,3.67,7.75,91.1
L.A,20162017,4978.48,82,2.4,2.42,-0.02,2.74,2.46,0.28,30.78,25.55,5.23,44.47,36.9,7.57,60.39,49.88,10.51,7.79,90.52
MIN,20162017,4967.38,82,3.18,2.49,0.69,2.8,2.29,0.51,30.54,29.77,0.76,41.62,41.62,0,55.18,55.65,-0.47,10.4,91.64
MTL,20162017,4987.37,82,2.68,2.38,0.3,2.57,2.52,0.05,29.59,29.22,0.37,41.48,39.35,2.13,56.96,53.94,3.02,9.07,91.85
N.J,20162017,4987.6,82,2.17,2.9,-0.73,2.41,2.76,-0.35,27.42,30.95,-3.54,37.64,42.3,-4.66,48.62,54.69,-6.06,7.9,90.63
NSH,20162017,4985.75,82,2.86,2.65,0.22,2.67,2.52,0.14,30.78,29.76,1.02,42.67,41.65,1.02,57.49,55.01,2.48,9.3,91.1
NYI,20162017,4978.62,82,2.88,2.87,0.01,2.94,2.97,-0.03,29.88,31.53,-1.65,40.93,44.46,-3.53,55.14,60.88,-5.75,9.64,90.9
NYR,20162017,4974.23,82,3.05,2.61,0.45,2.94,2.75,0.19,29.41,29.73,-0.33,41.47,41.51,-0.04,54.42,56.51,-2.09,10.38,91.24
OTT,20162017,4993.95,82,2.47,2.52,-0.05,2.51,2.52,-0.01,29.6,29.64,-0.04,40.61,42.21,-1.6,55.17,58.45,-3.28,8.36,91.49
PHI,20162017,5007.7,82,2.54,2.77,-0.23,2.76,2.56,0.2,30.96,27.96,3,43.55,38.87,4.68,59.44,54.55,4.89,8.2,90.1
PIT,20162017,4989.83,82,3.34,2.75,0.59,3.18,2.94,0.24,33.08,32.12,0.96,43.91,42.67,1.24,57.93,58.39,-0.46,10.11,91.43
S.J,20162017,4955.93,82,2.65,2.42,0.23,2.8,2.57,0.23,29.73,27.46,2.28,42.89,39.53,3.37,59.18,55.98,3.2,8.92,91.18
STL,20162017,4964.65,82,2.82,2.61,0.21,2.48,2.49,-0.01,28.16,28.12,0.04,38.76,39.02,-0.27,51.68,52.74,-1.06,10,90.72
T.B,20162017,4988.13,82,2.77,2.69,0.07,2.58,2.5,0.08,29.52,29.98,-0.46,41.74,40.91,0.83,55.39,53.11,2.29,9.37,91.01
TOR,20162017,4991.68,82,3.01,2.81,0.19,3.19,3.08,0.11,31.46,32.13,-0.67,45.17,45.7,-0.53,59.97,59.72,0.25,9.55,91.25
VAN,20162017,4979.55,82,2.14,2.9,-0.76,2.32,2.93,-0.6,27.39,31.42,-4.04,37.55,42.51,-4.96,51.09,54.97,-3.88,7.83,90.76
WPG,20162017,4964.83,82,2.97,3.08,-0.11,2.77,2.66,0.11,29.58,30.79,-1.21,40.62,41.62,-1,53.56,55.84,-2.28,10.05,89.99
WSH,20162017,4973.15,82,3.15,2.14,1.01,2.71,2.61,0.1,30.1,27.53,2.57,42.07,39.51,2.56,56.44,52.81,3.63,10.46,92.24
ANA,20172018,5002.32,82,2.77,2.51,0.26,2.91,3.11,-0.2,29.7,32.59,-2.89,42.24,46.21,-3.97,55.74,61,-5.27,9.33,92.31
ARI,20172018,4999.25,82,2.47,3.01,-0.54,2.56,2.98,-0.42,29.39,31.72,-2.33,41.71,46.27,-4.56,57.46,60.49,-3.02,8.41,90.5
BOS,20172018,4982.37,82,3.22,2.54,0.67,2.99,2.51,0.48,32.55,28.9,3.65,44.97,40.14,4.83,59.32,53.05,6.27,9.88,91.21
BUF,20172018,4974.03,82,2.39,3.35,-0.97,2.43,2.93,-0.49,30.86,32.36,-1.51,41.92,44.26,-2.34,54.17,57.31,-3.14,7.74,89.67
CAR,20172018,4981.95,82,2.71,3.05,-0.34,3.1,2.65,0.45,33.49,28.52,4.97,47.32,39.92,7.39,64.05,52.04,12.01,8.09,89.32
CBJ,20172018,4995.43,82,2.83,2.71,0.12,2.92,2.91,0.01,33.16,30.84,2.32,45.69,41.82,3.87,59.24,56.45,2.79,8.55,91.2
CGY,20172018,4979.67,82,2.6,2.93,-0.33,3.04,2.88,0.16,33.24,30.77,2.47,48.09,43.45,4.64,64.27,56.7,7.57,7.83,90.49
CHI,20172018,4966.3,82,2.75,3.07,-0.31,2.94,3.03,-0.1,33.76,32.58,1.17,45.2,43.94,1.26,64.27,58.43,5.85,8.16,90.58
COL,20172018,4962.18,82,3.08,2.85,0.23,2.55,2.84,-0.29,29.43,33.03,-3.6,40.18,45.67,-5.49,54.47,61.38,-6.9,10.48,91.36
DAL,20172018,4981.22,82,2.78,2.67,0.11,2.93,2.59,0.33,30.85,29.44,1.41,42.41,40.87,1.54,57.99,56.19,1.79,9.02,90.92
DET,20172018,4983.85,82,2.55,3.06,-0.51,2.62,2.9,-0.28,29.99,31.45,-1.46,41.79,43.32,-1.53,54.19,57.38,-3.19,8.49,90.25
EDM,20172018,4976.47,82,2.76,3.16,-0.4,3.08,3.07,0.01,33.05,31.77,1.28,45.66,43.15,2.51,60.61,58.51,2.1,8.35,90.05
FLA,20172018,4972.53,82,2.96,2.93,0.02,2.9,2.9,0,34.06,34.24,-0.18,46.49,45.71,0.78,59.62,59.85,-0.23,8.68,91.44
L.A,20172018,4982.48,82,2.85,2.43,0.42,2.72,2.87,-0.15,30.65,30.55,0.1,42.82,43.32,-0.49,57.07,57.74,-0.67,9.31,92.04
MIN,20172018,4978.93,82,3.01,2.76,0.25,2.74,2.43,0.31,29.85,30.96,-1.11,40.27,43.79,-3.52,52.52,59.4,-6.88,10.09,91.09
MTL,20172018,4979.68,82,2.49,3.11,-0.61,2.97,2.93,0.04,32.38,31.93,0.45,43.87,44.14,-0.27,60.24,60.41,-0.17,7.7,90.26
N.J,20172018,4989.83,82,2.92,2.89,0.04,2.8,2.83,-0.03,31.25,31.46,-0.2,42.82,44.14,-1.32,54.88,58.27,-3.39,9.35,90.83
NSH,20172018,5006.68,82,3.13,2.44,0.68,2.8,2.78,0.02,31.65,31.88,-0.23,44.34,42.94,1.4,59.03,57.37,1.67,9.88,92.33
NYI,20172018,4983.47,82,3.14,3.53,-0.39,2.84,3.17,-0.33,30.98,35.13,-4.15,41.73,47.53,-5.8,56.49,62.74,-6.25,10.14,89.96
NYR,20172018,4979.5,82,2.75,3.17,-0.42,2.94,3.21,-0.26,30.57,34.93,-4.36,41.64,47.06,-5.42,54.5,61.86,-7.36,8.99,90.93
OTT,20172018,4985.07,82,2.64,3.42,-0.78,2.43,2.92,-0.49,30.27,32.64,-2.37,41.69,45.15,-3.45,56.28,61.24,-4.96,8.71,89.53
PHI,20172018,4996.85,82,2.99,2.83,0.16,2.93,2.62,0.31,31.6,29.39,2.21,43.19,41.27,1.92,57.38,56.04,1.34,9.46,90.36
PIT,20172018,4966.32,82,3.26,3,0.27,3.1,2.86,0.24,34.11,30.84,3.26,45.85,41.63,4.22,59.98,55.94,4.05,9.56,90.29
S.J,20172018,4985.38,82,2.97,2.72,0.25,3.08,2.75,0.33,32.52,29.96,2.56,45.72,41.81,3.91,62.21,58.43,3.78,9.14,90.92
STL,20172018,4966.93,82,2.69,2.68,0.01,2.67,2.57,0.1,32.34,29.45,2.89,44.26,39.8,4.46,59.25,55.23,4.02,8.33,90.89
T.B,20172018,4979.6,82,3.49,2.82,0.67,2.88,2.6,0.28,32.29,32.33,-0.04,45.38,43.18,2.19,60.05,56.76,3.29,10.82,91.28
TOR,20172018,4988.08,82,3.25,2.77,0.48,3.15,2.93,0.22,31.78,33.39,-1.61,44.66,46.45,-1.79,60.17,59.73,0.43,10.22,91.71
VAN,20172018,4972.98,82,2.63,3.12,-0.49,2.52,2.89,-0.37,29.72,31.9,-2.18,40.64,44.03,-3.39,53.93,57.93,-3.99,8.87,90.21
VGK,20172018,4985.68,82,3.23,2.71,0.52,2.95,2.64,0.32,32.34,30.36,1.97,44.94,42.27,2.67,60.41,56.45,3.96,9.94,91.08
WPG,20172018,4982.18,82,3.29,2.6,0.69,2.83,2.65,0.18,31.83,31.47,0.36,43.94,43.61,0.34,58.28,58.52,-0.24,10.33,91.73
WSH,20172018,4975.1,82,3.09,2.87,0.22,2.67,3.05,-0.38,28.68,31.51,-2.83,40.79,45.36,-4.57,54.84,60.07,-5.23,10.77,90.89
ANA,20182019,4872.03,82,2.41,3.04,-0.63,2.55,3.29,-0.74,27.98,33.57,-5.59,40.37,47.46,-7.09,54.11,62.19,-8.08,8.63,90.91
ARI,20182019,4980.35,82,2.52,2.65,-0.13,2.65,2.72,-0.07,30.36,30.44,-0.08,42.48,42.85,-0.37,56.91,58.49,-1.58,8.29,91.29
BOS,20182019,4983.53,82,3.09,2.55,0.54,2.78,2.6,0.18,32.27,29.09,3.18,44.96,40.04,4.91,58.37,52.69,5.68,9.59,91.23
BUF,20182019,4994.35,82,2.66,3.22,-0.56,2.58,2.85,-0.27,32.41,32.48,-0.07,43.96,43.74,0.22,56.32,55.79,0.53,8.19,90.09
CAR,20182019,4957.92,82,2.94,2.67,0.27,3.59,2.74,0.85,34.15,28.35,5.8,48.84,40.07,8.77,64.74,52.7,12.04,10.88,90.31
CBJ,20182019,4953.42,82,3.1,2.8,0.3,2.82,2.7,0.12,31.4,29.29,2.11,43.19,40.3,2.89,55.39,53.33,2.06,8.61,90.57
CGY,20182019,4950.92,82,3.5,2.7,0.8,3.09,2.59,0.51,32.16,27.89,4.28,44.73,39.28,5.45,60.18,51.8,8.39,10,89.8
CHI,20182019,4979.32,82,3.22,3.51,-0.29,2.77,3.3,-0.53,32.19,34.35,-2.17,42.32,45.28,-2.96,57.48,58.72,-1.24,9.64,90.68
COL,20182019,4972.7,82,3.11,2.94,0.17,2.69,2.73,-0.04,32.29,31.59,0.7,42.8,42.69,0.11,57.46,58.65,-1.19,9.88,90.45
DAL,20182019,4962.6,82,2.53,2.42,0.11,2.8,2.7,0.1,30.47,31.33,-0.86,40.81,43.26,-2.45,55.02,58.87,-3.84,8.29,92.28
DET,20182019,4996.98,82,2.69,3.27,-0.58,2.54,3.15,-0.61,28.75,33.14,-4.39,39.52,45.9,-6.39,52.45,59.15,-6.7,9.36,90.15
EDM,20182019,4967.63,82,2.77,3.27,-0.51,2.67,2.99,-0.33,28.89,31.39,-2.5,39.62,42.89,-3.27,53.45,57.07,-3.62,9.57,89.57
FLA,20182019,4899.23,82,3.23,3.34,-0.11,2.86,2.91,-0.05,33.12,30.83,2.29,44.82,42.84,1.98,58.11,56.78,1.33,9.76,89.15
L.A,20182019,4980.73,82,2.4,3.12,-0.72,2.51,2.78,-0.26,28.42,31.06,-2.64,40.21,44.25,-4.04,54.11,58.34,-4.23,8.44,89.95
MIN,20182019,4968.1,82,2.54,2.81,-0.28,2.67,2.46,0.21,31.01,29.21,1.8,42.64,41.35,1.29,56.82,56.1,0.72,8.18,90.37
MTL,20182019,4957.72,82,2.98,2.86,0.12,2.93,2.71,0.23,33.83,30.86,2.97,46.36,41.85,4.51,63.88,56.01,7.87,8.8,90.74
N.J,20182019,4984.4,82,2.64,3.26,-0.63,2.66,2.79,-0.13,29.95,31.23,-1.28,40.81,43.79,-2.99,52.22,57.73,-5.51,8.81,91.38
NSH,20182019,4967.4,82,2.85,2.56,0.29,2.85,2.76,0.09,32.36,29.71,2.65,44.64,41.16,3.48,59.17,54.2,4.98,8.8,89.55
NYI,20182019,4983.17,82,2.69,2.3,0.39,2.85,2.73,0.12,28.42,30.52,-2.11,38.88,41.95,-3.07,52.11,57.54,-5.43,9.45,92.47
NYR,20182019,4902.67,82,2.7,3.27,-0.56,2.76,3.18,-0.42,29.29,33.95,-4.66,39.75,46.7,-6.95,52.28,61.55,-9.26,9.24,90.37
OTT,20182019,4944.65,82,2.92,3.65,-0.73,2.64,2.98,-0.35,29.46,35.55,-6.09,40.18,48.57,-8.4,53.1,65.33,-12.23,9.96,89.73
PHI,20182019,4963.82,82,2.91,3.38,-0.47,2.85,2.86,-0.01,31.22,32.21,-0.99,42.93,43.27,-0.34,57.29,58.71,-1.41,9.33,89.49
PIT,20182019,4981.5,82,3.26,2.87,0.4,3,2.78,0.22,32.89,32.87,0.02,43.88,44.24,-0.36,57.75,59.04,-1.29,9.92,91.28
S.J,20182019,4962.17,82,3.49,3.12,0.37,3.11,2.78,0.34,32.74,28.1,4.64,46.13,39.14,6.99,62.2,52.16,10.04,10.67,88.9
STL,20182019,4980.98,82,2.94,2.65,0.29,2.93,2.58,0.35,31.37,28.25,3.12,42.53,39.11,3.42,56.53,52.82,3.71,9.37,90.62
T.B,20182019,4979.57,82,3.84,2.66,1.18,2.92,2.64,0.27,31.58,31.73,-0.14,43.43,42.68,0.75,56.93,56.23,0.7,12.17,91.61
TOR,20182019,4958.17,82,3.46,3.01,0.45,3.33,2.91,0.42,33.12,32.89,0.23,48.1,46.55,1.55,65.19,60.02,5.17,10.45,90.84
VAN,20182019,5009.97,82,2.62,2.97,-0.35,2.45,2.87,-0.42,29.14,31.1,-1.96,40.66,42.93,-2.28,54.2,57.7,-3.5,9,90.45
VGK,20182019,4859.52,82,3.04,2.82,0.22,3.26,2.7,0.57,34.76,29.63,5.12,47.96,40.05,7.9,64.87,53.84,11.03,8.74,90.5
WPG,20182019,4966.67,82,3.26,2.94,0.33,2.76,2.93,-0.16,30.9,33.11,-2.21,42.64,44.94,-2.3,56.34,59.28,-2.94,10.99,90.41
WSH,20182019,4977.83,82,3.3,2.99,0.31,2.84,3,-0.16,30.05,31.16,-1.11,42.99,43.91,-0.92,56.72,58.78,-2.06,10.56,91.13
ANA,20192020,4321.02,71,2.53,3.12,-0.59,2.7,3,-0.3,29.27,31.73,-2.46,41.81,44.48,-2.67,54.38,57.58,-3.2,8.63,90.15
ARI,20192020,4260.12,70,2.68,2.58,0.1,2.68,2.77,-0.09,31.27,31.97,-0.7,42.18,45.1,-2.92,55.21,58.59,-3.38,8.56,91.94
BOS,20192020,4260.72,70,3.2,2.35,0.85,2.79,2.49,0.3,31.64,29.61,2.03,43.2,41.22,1.98,56.12,53.77,2.35,10.1,92.06
BUF,20192020,4184.47,69,2.77,3.08,-0.31,2.44,2.8,-0.36,28.98,30.81,-1.83,39.93,41.78,-1.85,51.5,52.67,-1.17,9.55,90
CAR,20192020,4129.05,68,3.15,2.8,0.35,3.37,2.95,0.42,32.87,28.99,3.88,45.53,39.64,5.89,59.91,51.02,8.89,9.59,90.33
CBJ,20192020,4261.8,70,2.53,2.58,-0.05,2.56,2.4,0.16,31.99,29.45,2.54,41.79,40.36,1.43,53.61,55.29,-1.68,7.92,91.25
CGY,20192020,4268.58,70,2.87,3.01,-0.14,2.9,2.87,0.03,31.11,31.92,-0.81,43.53,44.49,-0.96,57.59,57.64,-0.05,9.22,90.58
CHI,20192020,4255.97,70,2.93,3.02,-0.09,2.92,3.2,-0.28,31.4,34.67,-3.27,41.63,44.45,-2.82,56.21,58.76,-2.55,9.34,91.3
COL,20192020,4239.63,70,3.34,2.69,0.65,2.81,2.66,0.15,31.94,31.05,0.89,43.36,41.75,1.61,58.83,56.33,2.5,10.46,91.34
DAL,20192020,4191.83,69,2.55,2.49,0.06,2.9,2.68,0.22,30.27,31.16,-0.89,41.25,42.6,-1.35,55.98,57.35,-1.37,8.42,92.01
DET,20192020,4290.47,71,1.99,3.71,-1.72,2.38,3.2,-0.82,26.91,32.58,-5.67,37.03,44.07,-7.04,47.91,56.72,-8.81,7.38,88.63
EDM,20192020,4300.15,71,3.11,3,0.11,2.85,2.99,-0.14,29.3,31.73,-2.43,39.89,43.52,-3.63,52.56,58.37,-5.81,10.62,90.55
FLA,20192020,4185.22,69,3.27,3.21,0.06,2.85,2.95,-0.1,32.31,31.93,0.38,43.08,42.78,0.3,56.71,56.8,-0.09,10.12,89.94
L.A,20192020,4240.17,70,2.5,2.96,-0.46,2.86,2.83,0.03,32.9,29.42,3.48,46.1,41.47,4.63,60.45,53.66,6.79,7.61,89.95
MIN,20192020,4180.45,69,3.13,3.11,0.02,2.54,2.39,0.15,29.81,30.36,-0.55,41.08,41.74,-0.66,54.5,55.63,-1.13,10.5,89.74
MTL,20192020,4309.92,71,2.9,3.06,-0.16,2.97,2.79,0.18,33.73,30.74,2.99,46,41.62,4.38,62.02,54.5,7.52,8.58,90.04
N.J,20192020,4204.7,69,2.64,3.2,-0.56,2.76,2.88,-0.12,30.22,32.21,-1.99,41.28,44.25,-2.97,53.07,58.99,-5.92,8.73,90.08
NSH,20192020,4195.97,69,3.03,3.06,-0.03,2.9,2.8,0.1,32.7,30.86,1.84,45.56,42.67,2.89,59.69,57.25,2.44,9.27,90.08
NYI,20192020,4145.98,68,2.74,2.75,-0.01,2.8,2.76,0.04,29.18,30.74,-1.56,39.25,43.68,-4.43,53.21,60.36,-7.15,9.38,91.05
NYR,20192020,4225.38,70,3.31,3.12,0.19,2.93,3.35,-0.42,30.88,33.82,-2.94,42.03,47.6,-5.57,54.39,62.51,-8.12,10.71,90.76
OTT,20192020,4322.9,71,2.64,3.3,-0.66,2.94,3,-0.06,30.19,33.09,-2.9,42.83,45.61,-2.78,56.57,60.46,-3.89,8.74,90.02
PHI,20192020,4205.57,69,3.24,2.72,0.52,2.82,2.7,0.12,30.92,28.21,2.71,41.63,38.66,2.97,54.76,50.69,4.07,10.48,90.34
PIT,20192020,4194.05,69,3.16,2.8,0.36,2.89,2.59,0.3,31.54,29.34,2.2,42.13,39.38,2.75,55.25,52.15,3.1,10.02,90.44
S.J,20192020,4233.42,70,2.55,3.19,-0.64,2.78,3.06,-0.28,29.79,30.34,-0.55,40.93,41.53,-0.6,55.27,54.79,0.48,8.56,89.49
STL,20192020,4320.92,71,3.1,2.64,0.46,2.74,2.75,-0.01,30.27,29.2,1.07,40.21,39.73,0.48,52.54,51.45,1.09,10.23,90.97
T.B,20192020,4243.15,70,3.44,2.74,0.7,2.89,2.57,0.32,30.77,30.61,0.16,42.87,41.21,1.66,56.65,53.89,2.76,11.17,91.04
TOR,20192020,4261.87,70,3.34,3.13,0.21,3.08,2.87,0.21,32.41,31.45,0.96,45.39,43.6,1.79,59.97,56.31,3.66,10.3,90.06
VAN,20192020,4189.22,69,3.21,3.07,0.14,2.79,3.03,-0.24,30.84,32.9,-2.06,42.75,43.88,-1.13,56.5,59.47,-2.97,10.4,90.68
VGK,20192020,4313.8,71,3.12,2.91,0.21,3.31,2.7,0.61,34.1,28.97,5.13,47.03,39.6,7.43,61.91,52.88,9.03,9.14,89.97
WPG,20192020,4300.88,71,2.97,2.8,0.17,2.75,3.08,-0.33,31,32.3,-1.3,42.58,44.8,-2.22,55.98,56.99,-1.01,9.59,91.32
WSH,20192020,4198.02,69,3.37,3.03,0.34,3.05,2.85,0.2,31.56,29.79,1.77,44.16,40.65,3.51,57.93,54.24,3.69,10.69,89.83
ANA,20202021,3400.18,56,2.19,3.12,-0.93,2.38,2.9,-0.52,26.47,30.23,-3.76,38.06,41.7,-3.64,51.35,54.69,-3.34,8.27,89.67
ARI,20202021,3399.32,56,2.65,3.07,-0.42,2.48,2.9,-0.42,27.15,30.13,-2.98,38.58,41.76,-3.18,51.59,55.18,-3.59,9.75,89.81
BOS,20202021,3410.43,56,2.89,2.36,0.53,2.54,2.2,0.34,32.83,26.67,6.16,44.74,37.42,7.32,56.72,49,7.72,8.79,91.16
BUF,20202021,3404.3,56,2.36,3.45,-1.09,2.35,2.98,-0.63,28.06,33.29,-5.23,38.49,45.1,-6.61,48.86,56.38,-7.52,8.42,89.62
CAR,20202021,3417.78,56,3.07,2.35,0.72,3.25,2.68,0.57,31.49,27.75,3.74,43.94,38.17,5.77,58.2,49.72,8.48,9.75,91.52
CBJ,20202021,3419.82,56,2.35,3.23,-0.88,2.15,2.79,-0.64,28.51,31.84,-3.33,37.88,42.95,-5.07,48.86,56.79,-7.93,8.25,89.86
CGY,20202021,3193.38,53,2.65,2.8,-0.15,2.69,2.58,0.11,29.78,28.13,1.65,42.22,38.87,3.35,55.58,51.01,4.57,8.9,90.05
CHI,20202021,3415.33,56,2.79,3.23,-0.44,2.55,3.05,-0.5,28.72,33.17,-4.45,36.61,43.3,-6.69,49.88,56.94,-7.06,9.72,90.25
COL,20202021,3378.65,56,3.5,2.34,1.16,3.24,2.15,1.09,34.4,25.27,9.13,47.18,34.77,12.41,64.16,46.79,17.37,10.17,90.72
DAL,20202021,3435.23,56,2.72,2.58,0.14,2.56,2.35,0.21,29.69,26.51,3.18,40.73,37.71,3.02,54.53,50.32,4.21,9.18,90.25
DET,20202021,3403.13,56,2.2,2.96,-0.76,2.37,2.76,-0.39,26.94,31.49,-4.55,35.84,42.7,-6.86,46.81,55.4,-8.59,8.18,90.59
EDM,20202021,3369.07,56,3.26,2.74,0.52,2.96,2.67,0.29,29.85,30.58,-0.73,40.68,41.51,-0.83,53.87,55.78,-1.91,10.92,91.03
FLA,20202021,3409.52,56,3.31,2.66,0.65,3.13,2.54,0.59,34.4,29.62,4.78,45,39.14,5.86,57.39,50,7.39,9.62,91.03
L.A,20202021,3390.6,56,2.51,2.99,-0.48,2.57,3.06,-0.49,28.1,30.9,-2.8,38.88,42.84,-3.96,51.14,56.04,-4.9,8.94,90.32
MIN,20202021,3401.77,56,3.17,2.8,0.37,2.64,2.43,0.21,27.99,30.07,-2.08,38.8,42.07,-3.27,50.02,56.62,-6.6,11.34,90.67
MTL,20202021,3409.23,56,2.78,2.9,-0.12,2.63,2.62,0.01,30.73,27.81,2.92,42.22,38.63,3.59,57.46,50.67,6.79,9.05,89.56
N.J,20202021,3402.93,56,2.56,3.33,-0.77,2.48,2.82,-0.34,28.44,30.66,-2.22,39.9,41.42,-1.52,52.7,52.26,0.44,8.99,89.13
NSH,20202021,3406.78,56,2.66,2.71,-0.05,2.46,2.63,-0.17,29.57,30.89,-1.32,41.14,40.63,0.51,53.06,53.59,-0.53,8.99,91.22
NYI,20202021,3417.72,56,2.67,2.19,0.48,2.74,2.39,0.35,28.51,27.91,0.6,38.5,39.04,-0.54,50.49,53.04,-2.55,9.36,92.14
NYR,20202021,3390.37,56,3.11,2.74,0.37,2.75,2.67,0.08,28.46,29.47,-1.01,39.29,41.32,-2.03,51.02,54.86,-3.84,10.95,90.69
OTT,20202021,3392.08,56,2.74,3.34,-0.6,2.67,2.88,-0.21,29.42,31.82,-2.4,41.09,43.83,-2.74,53.7,58.11,-4.41,9.32,89.49
PHI,20202021,3420.83,56,2.81,3.46,-0.65,2.61,2.58,0.03,29.68,28.69,0.99,41.34,38.73,2.61,54.95,50.46,4.49,9.46,87.96
PIT,20202021,3399.75,56,3.41,2.74,0.67,2.72,2.64,0.08,29.74,29.65,0.09,39.5,39.21,0.29,51.32,50.93,0.39,11.45,90.77
S.J,20202021,3409.28,56,2.57,3.45,-0.88,2.84,2.9,-0.06,29.6,31.52,-1.92,40.76,43.65,-2.89,53.52,57.94,-4.42,8.68,89.06
STL,20202021,3415.5,56,2.93,2.93,0,2.38,2.88,-0.5,28.49,29.34,-0.85,37.68,40.84,-3.16,50.68,54.19,-3.51,10.3,90
T.B,20202021,3389.3,56,3.19,2.57,0.62,2.81,2.47,0.34,29.95,28.02,1.93,40.66,37.21,3.45,52.63,48.61,4.02,10.64,90.84
TOR,20202021,3386.17,56,3.3,2.62,0.68,3.22,2.5,0.72,31.03,27.62,3.41,42.72,38.79,3.93,55.35,51.33,4.02,10.62,90.51
VAN,20202021,3205.83,53,2.56,3.24,-0.68,2.59,3.25,-0.66,28.99,33.05,-4.06,39.88,45.22,-5.34,52.91,59.59,-6.68,8.84,90.2
VGK,20202021,3396.13,56,3.36,2.16,1.2,3.29,2.6,0.69,32.31,27,5.31,45.17,37.4,7.77,61.36,52.24,9.12,10.39,92.02
WPG,20202021,3381.07,56,3.02,2.7,0.32,2.68,2.96,-0.28,29.48,30.4,-0.92,39.86,41.93,-2.07,53.01,55.54,-2.53,10.23,91.13
WSH,20202021,3400.7,56,3.32,2.84,0.48,2.61,2.51,0.1,29.06,28.44,0.62,40.6,40.14,0.46,53.02,52.19,0.83,11.41,90.01
,,,,,,,,,,,,,,,,,,,,
,,,,,,,,,,,,,,,,,,,,